"Reference","Qty","Value","DNP","Exclude from BOM","Exclude from Board","Exclude from Simulation","Exclude from Position Files","Footprint","Datasheet"
"C201","1","GRM21BR71H105KA12L","","","","","${EXCLUDE_FROM_POS_FILES}","Capacitor_SMD:C_0805_2012Metric_Pad1.18x1.45mm_HandSolder",""
"C202","1","GRM21BR71H105KA12L","","","","","${EXCLUDE_FROM_POS_FILES}","Package_TO_SOT_SMD:SOT-223-3_TabPin2",""
"C301,C401,C501,C601","4","CC0805KRX7R9BB104","","","","","${EXCLUDE_FROM_POS_FILES}","Capacitor_SMD:C_0805_2012Metric_Pad1.18x1.45mm_HandSolder",""
"J101","1","1715721","","","","","${EXCLUDE_FROM_POS_FILES}","TerminalBlock_Phoenix:TerminalBlock_Phoenix_MKDS-1,5-2-5.08_1x02_P5.08mm_Horizontal",""
"J301","1","61300611121","","","","","${EXCLUDE_FROM_POS_FILES}","Connector_PinHeader_2.54mm:PinHeader_1x06_P2.54mm_Vertical",""
"J302","1","61300511121","","","","","${EXCLUDE_FROM_POS_FILES}","Connector_PinHeader_2.54mm:PinHeader_1x05_P2.54mm_Vertical",""
"R401,R501,R601","3","RC0805FR-071KL","","","","","${EXCLUDE_FROM_POS_FILES}","Resistor_SMD:R_0805_2012Metric_Pad1.20x1.40mm_HandSolder",""
"U201","1","MCP1703A-3302E/DB","","","","","${EXCLUDE_FROM_POS_FILES}","Package_TO_SOT_SMD:SOT-223-3_TabPin2","http://ww1.microchip.com/downloads/en/DeviceDoc/20005122B.pdf"
"U301","1","STM32G031K8T6","","","","","${EXCLUDE_FROM_POS_FILES}","Package_QFP:LQFP-32_7x7mm_P0.8mm","https://www.st.com/resource/en/datasheet/stm32g031k8.pdf"
